n,delta_unw_mean,delta_unw_std,delta_ipw_mean,delta_ipw_std
252,-0.12004571132523857,0.17175321745173364,-0.08766907707100038,0.11662649740794082
