{
  "covariates": [
    "hadm_id",
    "subject_id",
    "anchor_year",
    "anchor_age",
    "lab_51221",
    "lab_51265",
    "lab_51222",
    "lab_51301",
    "lab_51249",
    "lab_51250",
    "lab_51248",
    "lab_51279",
    "lab_51277",
    "lab_50912",
    "lab_51006"
  ],
  "w_full_mean": 0.9999999999999998,
  "w_full_max": 13.990898154915946,
  "w_full_p99": 4.214085739680672
}