model,auroc,worst_auroc,ece,auprc,logloss,flip_rate
ET,0.9239769828713142,0.8709678302982491,0.09258529660685968,0.8520870316805078,0.281233262080627,1.0
HGB,0.9556474767601062,0.950872032242482,0.030211152987970794,0.9496021687708027,0.22812191760742934,0.0
LR,0.9500655582174153,0.9214434546636572,0.1012731064906765,0.8979739017607085,0.2794455338696139,0.25
MLP,0.7256294654631787,0.5778700639514344,0.043586153262270465,0.8390368942826065,0.38504402211216926,0.0
RF,0.9320002176807174,0.891664657886471,0.035357157887919446,0.8726197501705264,0.22617892343449725,0.5
