model,auroc,worst_auroc,ece,flip_rate,auprc,logloss
HGB,0.9556474767601062,0.950872032242482,0.030211152987970794,0.0,0.9496021687708027,0.22812191760742934
LR,0.9500655582174153,0.9214434546636572,0.1012731064906765,0.25,0.8979739017607085,0.2794455338696139
RF,0.9320002176807174,0.891664657886471,0.035357157887919446,0.5,0.8726197501705264,0.22617892343449725
ET,0.9239769828713142,0.8709678302982491,0.09258529660685968,1.0,0.8520870316805078,0.281233262080627
MLP,0.7256294654631787,0.5778700639514344,0.043586153262270465,0.0,0.8390368942826065,0.38504402211216926
