model,mean_rank,mean_AUROC
HGB,1.5,0.9999892857142857
RF,1.5,0.9999982142857142
LR,3.5,0.9994999739910024
ET,4.0,0.9987201051232802
MLP,4.5,0.9107730888952058
