model,mean_rank,mean_AUROC
HGB,1.5,0.864555697264334
ET,3.0,0.7965811534748284
MLP,3.0,0.7741616478960869
RF,3.5,0.863249736705197
LR,4.0,0.7752065944890436
